<?xml version="1.0" encoding="UTF-8" standalone="no"?><Insurance_Policy xmlns:xsi="http://www.w3.org/2001/XMLSchema-instance">
   <File_Header>
      <File_id>1</File_id>
      <Date_Of_Generation>20221122</Date_Of_Generation>
      <No_of_Records>1</No_of_Records>
      <Insurance_Repo_Cd>01</Insurance_Repo_Cd>
      <Insurance_Cmpny_Cd>02</Insurance_Cmpny_Cd>
   </File_Header>
   <Policy_Detail>
      <eIA_Accnt_Number>9100000485205</eIA_Accnt_Number>
      <IPIN/>
      <Record_Reference_Id>01893374</Record_Reference_Id>
      <Agent_Details>
         <Agent_Cd>60167977</Agent_Cd>
         <Agent_Sub_Cd/>
      </Agent_Details>
      <Insured_Details>
         <Num_of_Life_Insured>1</Num_of_Life_Insured>
         <Insured_Person>
            <Insured_Id>1</Insured_Id>
            <First_Name_Of_Life_Insured>Tejaswini</First_Name_Of_Life_Insured>
            <Middle_Name_Of_Life_Insured/>
            <Last_Name_Of_Life_Insured>Kapadnis</Last_Name_Of_Life_Insured>
            <Gender>F</Gender>
            <DOB>19950604</DOB>
            <Relation_With_Proposer/>
            <Insured_Age>14</Insured_Age>
            <PAN>FCIPS1555R</PAN>
            <UID/>
         </Insured_Person>
      </Insured_Details>
      <Policy_Particular>
         <Policy_Number>910000048520520230209001322</Policy_Number>
         <Free_Look_Period>0</Free_Look_Period>
         <Category>1</Category>
         <Fund/>
         <SFIN/>
         <Payer_Name>Ashish Srisrimaal</Payer_Name>
         <Stamp_Duty_Details>0</Stamp_Duty_Details>
         <IRDA_Product_Cd>122N038V01</IRDA_Product_Cd>
         <Cmpny_Product_Cd>E01</Cmpny_Product_Cd>
         <Terms_Conditions_Ver>0</Terms_Conditions_Ver>
         <Assured_Sum>340000</Assured_Sum>
         <Policy_Issuance_Date>20100331</Policy_Issuance_Date>
         <Risk_Commencement_Date>20100331</Risk_Commencement_Date>
         <Policy_Term>25</Policy_Term>
         <Risk_Cessation_Date>20350331</Risk_Cessation_Date>
         <Frequency_of_Premium_Payment>01</Frequency_of_Premium_Payment>
         <Total_Premium_Amount>29906.0</Total_Premium_Amount>
         <Basic_Premium_Amount>29906.0</Basic_Premium_Amount>
         <Loaded_Premium_Amount>0.0</Loaded_Premium_Amount>
         <Premium_Payment_Term>20</Premium_Payment_Term>
         <Premium_Cessation_Date>20300331</Premium_Cessation_Date>
         <Next_Premium_Due_Date>20230331</Next_Premium_Due_Date>
         <Last_Premium_Payment_date>20220331</Last_Premium_Payment_date>
         <Mode_of_Renewal_Premium_payment>Direct Billing (Cash/CHQ/DD)</Mode_of_Renewal_Premium_payment>
         <Rider_Details>
            <Number_Of_Rider/>
            <Rider/>
         </Rider_Details>
         <Additional_Terms_Conditions>
            <No_Of_Exclusion>0</No_Of_Exclusion>
            <Exclusions/>
         </Additional_Terms_Conditions>
         <Nominee_Detail>
            <Number_Of_Nominees>0</Number_Of_Nominees>
            <Nominee>
               <Nominee_Id/>
               <First_Name/>
               <Middle_Name/>
               <Last_Name/>
               <PAN/>
               <UID/>
               <Relationship/>
               <DOB/>
               <Gender/>
               <Percentage_Share>0.0</Percentage_Share>
            </Nominee>
         </Nominee_Detail>
         <Policy_Status>
            <Status>8</Status>
            <Sub_Status1>9</Sub_Status1>
            <Sub_Status2>Y</Sub_Status2>
            <Sub_Status3>N</Sub_Status3>
         </Policy_Status>
         <Others>
            <Additional_Notes/>
         </Others>
         <Annuity_Details>
            <Annuity_Option/>
            <Annuity_guarantee_period>0</Annuity_guarantee_period>
            <Return_of_Purchase_Price/>
            <Purchase_Price>0.0</Purchase_Price>
            <Date_of_Commencement>20100331</Date_of_Commencement>
            <Date_of_First_Payment/>
            <Amount_Payable>0</Amount_Payable>
            <Annuity_Frequency_Description>0</Annuity_Frequency_Description>
         </Annuity_Details>
         <Benefit_Structure>
            <No_Of_Benefits>1</No_Of_Benefits>
            <Benefits>
               <Benefit>
                  <Benefit_Structure_Date/>
                  <Benefit_Structure_Percentage>0</Benefit_Structure_Percentage>
                  <Benefit_Structure_Amount>0.0</Benefit_Structure_Amount>
               </Benefit>
            </Benefits>
         </Benefit_Structure>
         <Misc>
            <Additional_Field/>
            <Additional_Field/>
            <Additional_Field/>
            <Additional_Field/>
            <Additional_Field/>
         </Misc>
      </Policy_Particular>
   </Policy_Detail>
</Insurance_Policy>